Série,Composé,SMILES,pEC50,Emax
HGA-22,HGA-2206,C5(CN3C=C(C(O)=O)C(=O)C4=CC(F)=C(N2CCN(CC(C1=CC=C(F)C=C1)=O)CC2)N=C34)CC5,7.8,43
HGA-22,HGA-2229,CCN3C=C(C(O)=O)C(=O)C4=CC(F)=C(N2CCN(CC(C1=C(Cl)C=C(F)C=C1)=O)CC2)N=C34,8.4,49
HGA-22,HGA-2236,CCN3C=C(C(O)=O)C(=O)C4=CC(F)=C(N2CCN(CC(C1=C(Br)C=C(F)C=C1)=O)CC2)N=C34,9.2,41
HGA-22,HGA-2208,CCN2C=C(C(O)=O)C(=O)C3=CC(F)=C(N1CCN(CC(CC(C)(C)C)=O)CC1)N=C23,6.3,25
HGA-22,HGA-2230,CCN1C=C(C(=O)O)C(=O)C4=C1C=C(N3CCN(S(=O)(=O)C2=CC=C(Br)C=C2F)CC3)C(F)=C4,9.3,53
HGA-22,HGA-2267,CCN1C=C(C(=O)O)C(=O)C4=C1N=C(N3CCN(S(=O)(=O)C2=CC=C(Cl)C=C2)CC3)C(F)=C4,8.7,61
HGA-22,HGA-2200,C5(CN1C=C(C(=O)O)C(=O)C4=C1N=C(N3CCN(S(=O)(=O)C2=CC=C(Cl)C=C2)CC3)C(F)=C4)CC5,7.3,46
HGA-22,HGA-2294,CCN1C=C(C(=O)O)C(=O)C4=C1N=C(N3CCN(S(=O)(=O)C2=CC=C(Br)C=C2)CC3)C(F)=C4,8.8,34
HGA-22,HGA-2257,CCN3C=C(C(O)=O)C(=O)C4=CC(F)=C(N2CCN(CC(C1=CC=C(F)C=C1)=O)CC2)N=C34,7.2,50
HGA-43,HGA-4340,OC(C1CC(C)(C)CN1C(C3CCN(S(C2=CC(C(F)(F)F)=CC=C2)(=O)=O)CC3)=O)=O,7.2,62
HGA-43,HGA-4320,OC(C1=NSCN1C(C3CCC(S(C2=CC(C(F)(F)F)=CC=C2)(=O)=O)CC3)=O)=O,8.0,39
HGA-43,HGA-4304,OC(C1CC(C)(C)CN1C(C3C(C)CN(S(C2=CC(C(F)(F)F)=CC=C2)(=O)=O)CC3)=O)=O,8.3,55
HGA-43,HGA-4393,OC(C1CC(C)(C)CN1C(C3CCN(C(C2=CC(C(F)(F)F)=CC=C2)=O)CC3)=O)=O,5.7,52
HGA-43,HGA-4314,OC(C1CC(C)(C)CN1C(C3CCN(S(C2=CC(Cl)=CC=C2)(=O)=O)CC3)=O)=O,6.7,59
HGA-43,HGA-4335,OC(C1CC(C)(C)CN1C(C3CCN(S(C2=CC(C)=CC=C2F)(=O)=O)CC3)=O)=O,6.9,44
HGA-43,HGA-4303,OC(C1CC(F)(F)CN1C(C3CCN(S(C2=CC(C(F)(F)F)=CC=C2)(=O)=O)CC3)=O)=O,8.4,57
HGA-43,HGA-4311,OC(C1CC(C)(C)CN1C(C3CCN(S(C2=CC(C(F)F)=CC=C2)(=O)=O)CC3)=O)=O,7.9,35
HGA-43,HGA-4302,OC(C1CC(C)(C)CN1C(C3CCN(S(C2=CC(OC)=CC=C2)(=O)=O)CC3)=O)=O,7.1,56
HGA-43,HGA-4351,OC(C1CC(C)(C)CN1C(C3CCN(S(C2=CC(OC(F)(F)F)=CC=C2)(=O)=O)CC3)=O)=O,9.1,78
HGA-43,HGA-4395,OC(C1CCCN1C(C3CCN(S(C2=CC(OC(F)(F)F)=CC=C2)(=O)=O)CC3)=O)=O,8.4,67
HGA-43,HGA-4367,OC(C1CCCN1C(C3CCN(S(C2=CC(OC(F)(F)F)=CN=C2)(=O)=O)CC3)=O)=O,7.7,28
HGA-06,HGA-0665,C14=C(SC(C(=O)O)=C1)C=C(NCCC3CC(C2=C(O)C=C(I)C=C2)C3)O4,8.5,75
HGA-06,HGA-0621,C14=C(SC(C(=O)O)=C1)C=C(NCCC3CC(C2=C(O)N=C(I)C=N2)C3)O4,8.1,61
HGA-06,HGA-0687,C14=C(SC(C(=O)O)=C1)C=C(N(CCC3CC(C2=C(O)N=C(I)C=N2)C3)C)O4,7.1,27
HGA-06,HGA-0648,C14=C(SC(C(=O)O)=C1)C=C(NCCC3CC(C2=CN=C(I)C=N2)C3)O4,6.2,83
HGA-06,HGA-0699,C14=C(SC(C(=O)O)=C1)C=C(NCCC3CC(C2=C(O)C=C(C(F)(F)F)C=C2)C3)O4,4.5,72
HGA-06,HGA-0642,C14=C(SC(C(=O)O)=C1)C=C(NCCC3C(C)(C)C(C2=C(O)N=C(I)C=N2)C3)O4,8.9,47
HGA-06,HGA-0695,C14=C(SC(C(=O)O)=C1)C=C(NCCC3C(O)(C)C(C2=C(O)N=C(I)C=N2)C3)O4,8.2,52
HGA-06,HGA-0632,C14=C(SC(C(=O)O)=C1)C=C(NCCC3C(O)(C)C(C2=C(O)N=C(I)C=C2)C3)O4,7.4,55
HGA-06,HGA-0613,C14=C(SC(C(=O)O)=C1)C=C(NCCC3C(O)(C)C(C2=C(O)C=C(I)C=N2)C3)O4,7.7,62
HGA-06,HGA-0628,C14=C(SC(C(=O)O)=C1)C=C(NCCC3C(O)(C)C(C2=C(O)C=C(I)C=C2)C3)O4,6.6,37
HGA-18,HGA-1843,C(C(=O)O)C1=CC=C2C(=C1C#N)CSC(=O)N2CC4=CNC(C3=CC=CC=C3Cl)=N4,7.5,30
HGA-18,HGA-1882,C(C(=O)O)C1=CC=C2C(=C1C#N)CSC(=O)N2CC4=CNC(C3=CC=CC(Cl)=C3)=N4,7.8,23
HGA-18,HGA-1873,C(C(=O)O)C1=CC=C2C(=C1C#N)CSC(=O)N2CC4=CNC(C3=CC=C(Cl)C=C3)=N4,7.4,28
HGA-18,HGA-1810,C(C(=O)O)C1=CC=C2C(=C1C#N)CSC(=O)N2CC4=CNC(C3=CC=CC=C3)=N4,4.8,52
HGA-18,HGA-1852,C(C(=O)O)C1=CC=C2C(=C1C#N)CSC(=O)N2CC4=CNC(C3=C(C)C=CC=C3)=N4,8.1,34
HGA-18,HGA-1829,C(C(=O)O)C1=CC=C2C(=C1C#N)CSC(=O)N2CC4=CNC(C3=CC(C)=CC=C3)=N4,7.8,27
HGA-18,HGA-1808,C(C(=O)O)C1=CC=C2C(=C1C#N)CSC(=O)N2CC4=CNC(C3=CC=C(C)C=C3)=N4,7.1,29
HGA-18,HGA-1851,C(C(=O)O)C1=CC=C2C(=C1C#N)CSC(=O)N2CC4=CNC(C3=C(Cl)C=CC=N3)=N4,8.6,55
HGA-35,HGA-3534,O=C(O)CC3=CC=CC(CNC(=O)NCC2=C(C)NC(C1=CC=C(Br)C=C1)=N2)=C3,8.2,54
HGA-35,HGA-3586,O=C(O)CC3=CC=CC(CNC(=O)NCC2=C(C)N(C)C(C1=CC=C(Br)C=C1)=N2)=C3,7.5,98
HGA-35,HGA-3579,O=C(O)CC3=CC=CC(CNC(=O)N(CC2=C(C)NC(C1=CC=C(Br)C=C1)=N2)C)=C3,4.5,48
HGA-35,HGA-3574,O=C(O)CC3=CC=CC(CN(C(=O)NCC2=C(C)NC(C1=CC=C(Br)C=C1)=N2)C)=C3,6.2,87
HGA-35,HGA-3522,O=C(O)CC3=CC=CC(CN(C(=O)NCC2=C(C)N(C)C(C1=CC=C(Br)C=C1)=N2)C)=C3,7.1,110
HGA-35,HGA-3582,O=C(O)CC3=CC=CC(CNC(=O)N(CC2=C(C)N(C)C(C1=CC=C(Br)C=C1)=N2)C)=C3,5.1,75
HGA-35,HGA-3590,O=C(O)CC3=CC=CC(CN(C(=O)N(CC2=C(C)N(C)C(C1=CC=C(Br)C=C1)=N2)C)C)=C3,8.7,82
HGA-35,HGA-3565,O=C(O)CC3=CC=CC(CNC(=O)NCC2=C(C)NC(C1=CC=C(I)C=C1)=N2)=C3,8.8,57
HGA-35,HGA-3504,O=C(O)CC3=CC=CC(CNC(=O)NCC2=C(C)NC(C1=CC=C(C(F)(F)F)C=C1)=N2)=C3,8.3,47
